ID,pr_ID,approverName,approvalTier,status,modifiedAt
76f57b7d-9e84-4288-a88c-2e5c46188e68,c915187c-bb83-46af-b5a2-c5bd64ad2720,Karan,1,pending,2026-06-27T17:21:01Z
04be8232-5f78-440b-80eb-0bbef8acefea,3f635e4c-bf49-4605-ba44-7b641b63cea3,Pooja,2,approved,2026-06-09T10:39:56Z
7914817a-1837-4873-87ea-fd4d47eccc73,a22ff022-160c-4223-9710-2fa882ec9ec8,Isha,1,pending,2026-07-11T18:31:44Z
02280eb0-b4a7-4ec8-a701-8ab3362adc60,1c92e57f-0571-4b2d-84fa-d503dccdff24,Nikhil,1,pending,2026-06-27T23:58:01Z
9e86b143-4eac-4db7-a202-3a0fb76017f6,ac4cde50-74d3-427c-b1e0-640f32ae5dcb,Simran,1,pending,2026-06-26T17:57:10Z
c95e6fc8-9a9b-4f02-8c27-12962a94faa0,68ce9cea-123d-4a9e-bde9-d0092204903f,Neha,1,approved,2026-07-06T04:11:18Z
28437ce5-63c2-49f1-a634-fa457516483e,7348b768-ecb0-4cfd-8ee3-f8891ff1a327,Simran,2,pending,2026-06-10T19:57:30Z
881a17b1-9b60-4aaa-bad8-010c568e8831,b9f85273-49be-4d04-b2ce-7b732bd7ccdf,Amit,1,approved,2026-06-07T23:32:33Z
f6accc26-49da-4fae-93b3-883d9ae81028,b0751570-0ac9-45b5-86d9-353e748ad87f,Nikhil,1,pending,2026-07-02T12:08:52Z
e131e6fe-d6b4-4848-9e3c-8ece71ce4c3c,82270d91-1b45-4058-b108-155760bf86a8,Amit,1,approved,2026-07-01T14:39:40Z
51cb9d43-1eda-4d7b-b972-07b4fc880070,008def3e-0129-4388-b3cb-9c18561fc0df,Rohan,2,pending,2026-06-26T14:09:33Z
5c3ea56d-892b-4cf0-b726-d33fc0601864,c86be56f-6d6f-4c6c-9806-28c09d7406c9,Sanjay,1,pending,2026-06-05T14:08:00Z
f87fb256-990f-427e-8c56-b9a0e1c25c8b,d864303c-7e59-4868-9db1-ea889a1fc679,Rahul,1,pending,2026-07-16T11:50:02Z
c30a0b1e-8e89-4efe-bcb8-a6bb077c1793,3f1838a4-e184-4996-9148-1e7d54265f3a,Pooja,1,approved,2026-06-26T22:00:09Z
ba764ba5-e37a-440b-8f3a-86df1a6c1a02,0a0353f7-fa06-4e4c-9db0-fa395cf2aae6,Varun,1,approved,2026-07-19T15:32:58Z
1a791a57-bad8-497b-8485-d03d9575aeff,68c0cadf-7f71-4976-9ee0-3ed270d23ffc,Sanjay,1,approved,2026-06-15T21:46:38Z
39a1d728-c3f6-412d-9014-2fc9069c76a4,484a312e-6ba0-4072-a6cb-c2bd6d8661ab,Divya,1,pending,2026-06-02T23:22:25Z
4bbcff74-2588-4238-87ea-07d02863c563,ba667471-3121-4ba8-a503-6f40db650cb7,Aditya,1,approved,2026-06-24T06:29:47Z
82a6cfc1-5f8f-46f1-9bdd-0ec6644f5a45,ea1c818c-3a55-4a41-89fc-353417672871,Aditya,1,pending,2026-06-13T06:28:05Z
ca415e7c-a164-4e11-bbdd-42719da54905,98eebd7e-f8d2-4957-b69a-a150ecfb7f6e,Sarah,1,pending,2026-07-12T03:58:32Z
a361f1c8-be05-423e-a557-4c0691f366ee,8a0432af-2d57-4aa4-86ec-afdd7938e2e7,Nikhil,2,pending,2026-07-01T07:47:46Z
9b37bbc7-3525-4a52-81e8-b439a25789e7,eaa816bc-73c7-480f-ac4a-e3f4ec42e4ac,Priya,1,pending,2026-07-03T21:04:22Z
ab19df29-756c-4996-9ea6-22c65c68bff5,6bacd383-c892-44bd-827d-2193e6a41f77,Karan,1,pending,2026-06-07T14:54:35Z
ce9531fb-912e-4fad-a973-72ddca581e07,4f91a29d-6143-4af6-8d6c-04fe4644fab4,Amit,1,pending,2026-07-16T23:05:41Z
c556ec2f-ac0a-4b74-8e8f-1e46256cd381,7a579e33-1920-467a-8f00-dc44fcdbb789,Amit,1,pending,2026-07-12T21:20:45Z
037113aa-da2c-4cec-b5bf-2535666b7581,6594c9a9-54e8-4f82-9127-a4722a5d64d5,Karan,1,pending,2026-07-10T03:54:27Z
11cd8158-9eb9-456e-9732-41af95f3fe07,9dec4efd-4918-4304-ba9f-d02ae9ca90c4,John,2,pending,2026-06-28T01:36:21Z
33a12ede-1e08-4434-9f33-43496be30f44,4d1be067-317c-4780-9169-fe745b7abdd6,Arjun,1,approved,2026-06-10T13:33:11Z
4c8692f1-6ce5-4590-89f7-6f5c0637e369,f11c4e8e-e862-432f-8a08-c795549a90ef,Daksh,1,approved,2026-06-23T23:41:45Z
a04b8485-db89-48b2-9315-b3416fe2f99e,4dc469b3-44b0-4181-800e-c5864f5da93e,Sarah,1,pending,2026-07-08T23:44:45Z
38e57244-dc1e-4aae-b7e3-9a53e454767e,c2b1da0f-b61b-436c-bc2d-dac006c65ce8,Neha,1,pending,2026-07-18T06:26:53Z
22a6f198-111d-49b0-8ab6-2640e0995b5c,3ec8f6e0-ec64-41f8-ba19-44c1ec0b9081,Krishnav,1,approved,2026-06-06T14:27:47Z
1a4f87a0-3781-414d-81ca-d3dc5dbf027f,0f3114f3-79c7-45eb-a8d0-fa0ca8efc19d,Sanjay,1,pending,2026-06-19T02:17:16Z
ee7f3ec9-17f0-4fe1-a373-facb13993597,47976328-feac-4787-878e-9f8efe6648d4,Priya,1,pending,2026-06-24T23:03:29Z
c30e0f17-b65d-418f-84c0-802258548250,35ba073a-c0e1-4de6-8279-8fcfb78c3443,Anjali,1,pending,2026-07-01T12:40:30Z
c5bdbf9b-398e-4c98-85c5-5c986cdc5688,b7e61ba5-d3ee-4506-ab1e-3ad329cf06b2,Anjali,1,approved,2026-06-08T02:01:54Z
001bdea2-746f-4b01-8d2d-f91aaa3547b3,4c207fe9-f2ef-4e7e-b5c8-6db8a0b81c0d,Ms Priyanka,1,pending,2026-06-21T16:59:06Z
29428bd2-ecae-4a80-a5bd-dc4010dd8246,5a75b5ed-789d-46e5-a240-247453654764,Neha,1,pending,2026-06-30T10:21:49Z
6c037f55-17bf-46f6-86b6-4347b8ec7b9d,18da8919-6af5-42d5-9f11-04ad59957c4b,Rohan,1,pending,2026-06-11T10:00:00Z
2bff5610-3224-4482-b2cb-f9a1895a6e16,71bc6789-8d45-44a2-8d0c-8b2d6430289b,Karan,2,approved,2026-07-20T02:15:15Z
